Subject,State,Frequency,Coherence
sub-01,Wake,Alpha,0.4819093786288146
sub-01,Wake,Beta,0.5490379009473215
sub-01,Wake,Delta,0.535698159644585
sub-01,Wake,Theta,0.5548737134561517
sub-02,Wake,Alpha,0.43185346175170847
sub-02,Wake,Beta,0.5042515116410985
sub-02,Wake,Delta,0.40342473616403446
sub-02,Wake,Theta,0.4612357353336538
sub-04,Wake,Alpha,0.4503787530512653
sub-04,Wake,Beta,0.4974052107250166
sub-04,Wake,Delta,0.47839664969618895
sub-04,Wake,Theta,0.5461648736696153
sub-05,Wake,Alpha,0.49472671202081764
sub-05,Wake,Beta,0.494268596449886
sub-05,Wake,Delta,0.43659487142490544
sub-05,Wake,Theta,0.6091347751924049
sub-06,Wake,Alpha,0.42295178315322146
sub-06,Wake,Beta,0.48634423624169804
sub-06,Wake,Delta,0.4383704221007467
sub-06,Wake,Theta,0.44441758782180873
sub-08,Wake,Alpha,0.5068917772487409
sub-08,Wake,Beta,0.5096805609789038
sub-08,Wake,Delta,0.4896256863682376
sub-08,Wake,Theta,0.5628685805922242
sub-10,Wake,Alpha,0.4809505677551518
sub-10,Wake,Beta,0.4785239652542942
sub-10,Wake,Delta,0.4507484729075368
sub-10,Wake,Theta,0.5404048542323204
sub-11,Wake,Alpha,0.5806569558546305
sub-11,Wake,Beta,0.583538031800969
sub-11,Wake,Delta,0.5145398417766326
sub-11,Wake,Theta,0.6380857155607405
sub-12,Wake,Alpha,0.47120605953383204
sub-12,Wake,Beta,0.4517001834038251
sub-12,Wake,Delta,0.48477554728093003
sub-12,Wake,Theta,0.5323978632408216
sub-13,Wake,Alpha,0.4202973822796405
sub-13,Wake,Beta,0.4110917907967158
sub-13,Wake,Delta,0.4794017701711517
sub-13,Wake,Theta,0.5435539063285849
sub-14,Wake,Alpha,0.5402591073473962
sub-14,Wake,Beta,0.5715741931293742
sub-14,Wake,Delta,0.44714125645415476
sub-14,Wake,Theta,0.5090922030061084
sub-15,Wake,Alpha,0.4112909282441634
sub-15,Wake,Beta,0.4677428986221929
sub-15,Wake,Delta,0.4155412126838459
sub-15,Wake,Theta,0.460188618437458
sub-17,Wake,Alpha,0.5140255338320348
sub-17,Wake,Beta,0.5454849579051778
sub-17,Wake,Delta,0.445575953459642
sub-17,Wake,Theta,0.5059468870887648
sub-18,Wake,Alpha,0.5477677046976732
sub-18,Wake,Beta,0.5369373651843669
sub-18,Wake,Delta,0.4660592878332059
sub-18,Wake,Theta,0.5800334401946904
sub-19,Wake,Alpha,0.48168031896337105
sub-19,Wake,Beta,0.5366818480226057
sub-19,Wake,Delta,0.5176162518231481
sub-19,Wake,Theta,0.581538111371687
sub-20,Wake,Alpha,0.5087412909548723
sub-20,Wake,Beta,0.5250964885760933
sub-20,Wake,Delta,0.5177359812345791
sub-20,Wake,Theta,0.5416921748105096
sub-21,Wake,Alpha,0.5355890291924602
sub-21,Wake,Beta,0.4765109077665095
sub-21,Wake,Delta,0.4430462418473787
sub-21,Wake,Theta,0.5587223980113227
sub-22,Wake,Alpha,0.46492601204655304
sub-22,Wake,Beta,0.4691802862502315
sub-22,Wake,Delta,0.4974186263271933
sub-22,Wake,Theta,0.5981372598410968
sub-23,Wake,Alpha,0.5481560811059452
sub-23,Wake,Beta,0.5656797039083593
sub-23,Wake,Delta,0.48349443411782267
sub-23,Wake,Theta,0.6070128961684677
sub-24,Wake,Alpha,0.48394752115355166
sub-24,Wake,Beta,0.5382424995121958
sub-24,Wake,Delta,0.5371013969314595
sub-24,Wake,Theta,0.5820242332976412
sub-25,Wake,Alpha,0.4200530117205709
sub-25,Wake,Beta,0.4302312275092133
sub-25,Wake,Delta,0.46619673908176407
sub-25,Wake,Theta,0.4567710868428886
sub-26,Wake,Alpha,0.44504067306056466
sub-26,Wake,Beta,0.44276021227084317
sub-26,Wake,Delta,0.48026005374709424
sub-26,Wake,Theta,0.43975557224552175
sub-27,Wake,Alpha,0.6320078112694048
sub-27,Wake,Beta,0.4948871521488565
sub-27,Wake,Delta,0.5107305422524213
sub-27,Wake,Theta,0.6356758097242448
sub-28,Wake,Alpha,0.3986278330537908
sub-28,Wake,Beta,0.46206404000636014
sub-28,Wake,Delta,0.4180991022621785
sub-28,Wake,Theta,0.4061761051398359
sub-29,Wake,Alpha,0.3704855275416346
sub-29,Wake,Beta,0.4744617817270594
sub-29,Wake,Delta,0.3996637332629478
sub-29,Wake,Theta,0.39823258301443937
sub-30,Wake,Alpha,0.4943987476340002
sub-30,Wake,Beta,0.5496803036380375
sub-30,Wake,Delta,0.4360812953355162
sub-30,Wake,Theta,0.5014018519102883
sub-32,Wake,Alpha,0.4730880324110915
sub-32,Wake,Beta,0.5735205333144813
sub-32,Wake,Delta,0.4347138959528024
sub-32,Wake,Theta,0.47881538082488534
sub-33,Wake,Alpha,0.43668668803105204
sub-33,Wake,Beta,0.5320828430942897
sub-33,Wake,Delta,0.4113740663316156
sub-33,Wake,Theta,0.5398790207631341
sub-01,Sleep,Alpha,0.5306635894688005
sub-01,Sleep,Beta,0.5608679285057452
sub-01,Sleep,Delta,0.6027315041606882
sub-01,Sleep,Theta,0.5937721308023327
sub-03,Sleep,Alpha,0.5129663444458883
sub-03,Sleep,Beta,0.4956226416545421
sub-03,Sleep,Delta,0.47589124235427865
sub-03,Sleep,Theta,0.5438006373716998
sub-04,Sleep,Alpha,0.42742204738303624
sub-04,Sleep,Beta,0.5050543769529198
sub-04,Sleep,Delta,0.45659629751299274
sub-04,Sleep,Theta,0.4870281457459119
sub-07,Sleep,Alpha,0.5116684444993778
sub-07,Sleep,Beta,0.563295244842882
sub-07,Sleep,Delta,0.5165017160006447
sub-07,Sleep,Theta,0.6022383747497022
sub-10,Sleep,Alpha,0.44243971620787736
sub-10,Sleep,Beta,0.44413947879775173
sub-10,Sleep,Delta,0.4359608873361603
sub-10,Sleep,Theta,0.4906132162804149
sub-11,Sleep,Alpha,0.5892536805655363
sub-11,Sleep,Beta,0.5309833943331523
sub-11,Sleep,Delta,0.6132456538616662
sub-11,Sleep,Theta,0.7339176481536555
sub-12,Sleep,Alpha,0.4851411924580104
sub-12,Sleep,Beta,0.40102151325197904
sub-12,Sleep,Delta,0.4966516952214988
sub-12,Sleep,Theta,0.5919400264542554
sub-15,Sleep,Alpha,0.4791388925376874
sub-15,Sleep,Beta,0.44704342144742604
sub-15,Sleep,Delta,0.4253986308835078
sub-15,Sleep,Theta,0.4458522751876556
sub-19,Sleep,Alpha,0.5481444648271641
sub-19,Sleep,Beta,0.5903666187853678
sub-19,Sleep,Delta,0.5036867593940245
sub-19,Sleep,Theta,0.5541020472237647
sub-20,Sleep,Alpha,0.5791861528543872
sub-20,Sleep,Beta,0.571353810643513
sub-20,Sleep,Delta,0.5801978541569124
sub-20,Sleep,Theta,0.6502879735115733
sub-21,Sleep,Alpha,0.442509128887243
sub-21,Sleep,Beta,0.44892651020603724
sub-21,Sleep,Delta,0.5267954938562605
sub-21,Sleep,Theta,0.6429479207306167
sub-22,Sleep,Alpha,0.42868356080615044
sub-22,Sleep,Beta,0.4310004122438503
sub-22,Sleep,Delta,0.5400254524282844
sub-22,Sleep,Theta,0.633110970095665
sub-23,Sleep,Alpha,0.5275426663712619
sub-23,Sleep,Beta,0.48479399561693903
sub-23,Sleep,Delta,0.494591171164879
sub-23,Sleep,Theta,0.4689552071181964
sub-24,Sleep,Alpha,0.5284582134235972
sub-24,Sleep,Beta,0.5868280783569569
sub-24,Sleep,Delta,0.569112888874376
sub-24,Sleep,Theta,0.5808121190566498
sub-25,Sleep,Alpha,0.4290944717013545
sub-25,Sleep,Beta,0.4970861701812264
sub-25,Sleep,Delta,0.5399356217536229
sub-25,Sleep,Theta,0.5992841079394696
sub-27,Sleep,Alpha,0.6651329584160327
sub-27,Sleep,Beta,0.5473188965081196
sub-27,Sleep,Delta,0.4704130908798605
sub-27,Sleep,Theta,0.6015927305999877
sub-29,Sleep,Alpha,0.4134979988014336
sub-29,Sleep,Beta,0.47831103571867484
sub-29,Sleep,Delta,0.4176687817662483
sub-29,Sleep,Theta,0.46082890784932556
sub-30,Sleep,Alpha,0.5396603668473051
sub-30,Sleep,Beta,0.5616881528633733
sub-30,Sleep,Delta,0.4575536832167893
sub-30,Sleep,Theta,0.5449323057504163
sub-31,Sleep,Alpha,0.6412505470830006
sub-31,Sleep,Beta,0.5525406237702718
sub-31,Sleep,Delta,0.6264278022497681
sub-31,Sleep,Theta,0.7008688720758652
sub-32,Sleep,Alpha,0.5655680284766235
sub-32,Sleep,Beta,0.531051753079506
sub-32,Sleep,Delta,0.4413770668413956
sub-32,Sleep,Theta,0.49414071464080517
sub-01,Wake,Overall,0.5806874200095653
sub-02,Wake,Overall,0.5057416674040104
sub-04,Wake,Overall,0.5298502273612665
sub-05,Wake,Overall,0.5224538502932832
sub-06,Wake,Overall,0.5273243781980971
sub-08,Wake,Overall,0.5141174088827459
sub-10,Wake,Overall,0.5557211478508004
sub-11,Wake,Overall,0.5518228869947268
sub-12,Wake,Overall,0.506340274662613
sub-13,Wake,Overall,0.4421706284049293
sub-14,Wake,Overall,0.5765041210532206
sub-15,Wake,Overall,0.47154700420491097
sub-17,Wake,Overall,0.5769229713343405
sub-18,Wake,Overall,0.5022561954195043
sub-19,Wake,Overall,0.5075656589568934
sub-20,Wake,Overall,0.5549775504827015
sub-21,Wake,Overall,0.4467730291330665
sub-22,Wake,Overall,0.4715500920567382
sub-23,Wake,Overall,0.5534293416044904
sub-24,Wake,Overall,0.5607054750016311
sub-25,Wake,Overall,0.5331287696927235
sub-26,Wake,Overall,0.4567815164025397
sub-27,Wake,Overall,0.5145047729118172
sub-28,Wake,Overall,0.4668947690464328
sub-29,Wake,Overall,0.5018297917071155
sub-30,Wake,Overall,0.5353181471575609
sub-32,Wake,Overall,0.5753961495154026
sub-33,Wake,Overall,0.5462926211566793
sub-01,Sleep,Overall,0.5130879631156741
sub-03,Sleep,Overall,0.45296820077816347
sub-04,Sleep,Overall,0.44355994768860535
sub-07,Sleep,Overall,0.482633210241156
sub-10,Sleep,Overall,0.45212073331672215
sub-11,Sleep,Overall,0.5120830144424119
sub-12,Sleep,Overall,0.3940676752219211
sub-15,Sleep,Overall,0.4120555526767586
sub-19,Sleep,Overall,0.4648108067384128
sub-20,Sleep,Overall,0.518196154292598
sub-21,Sleep,Overall,0.39761395132540545
sub-22,Sleep,Overall,0.41364058339879695
sub-23,Sleep,Overall,0.5267250545912316
sub-24,Sleep,Overall,0.5021434269371541
sub-25,Sleep,Overall,0.48587277694895153
sub-27,Sleep,Overall,0.6507235884391006
sub-29,Sleep,Overall,0.42769289600469423
sub-30,Sleep,Overall,0.4676817834944552
sub-31,Sleep,Overall,0.5246742087172462
sub-32,Sleep,Overall,0.526259690787084
